{
  "total_steps": 21,
  "connection_type_percentages": {
    "anchor": 4.761904761904762,
    "same_paragraph": 4.761904761904762,
    "neighboring_paragraph": 14.285714285714285,
    "distant_paragraph": 28.57142857142857,
    "cross_document": 47.61904761904761
  },
  "depth_distribution": {
    "0": 1,
    "1": 9,
    "2": 8,
    "3": 3
  },
  "document_distribution": {
    "0": 11,
    "1": 10
  },
  "average_paragraph_jump": 1.8,
  "max_paragraph_jump": 3,
  "paragraph_locality_score": 4.761904761904762,
  "cross_document_rate": 47.61904761904761
}